Neighborhood,Price,Bedrooms,Bathrooms,House Size,Description,Neighborhood Description
Downtown Loft,"$500,000",1,1.0,800 sqft,"This modern loft in the heart of downtown offers an open floor plan with exposed brick walls, high ceilings, and large windows providing stunning city views. The building features a rooftop terrace and is steps away from trendy restaurants and shops.","Located in the bustling downtown area, this neighborhood is known for its vibrant nightlife, cultural events, and easy access to public transportation, making it ideal for urban dwellers."
Seaside Villa,"$1,200,000",4,3.0,"3,500 sqft","This luxurious villa by the sea boasts 4 bedrooms, 3 bathrooms, a gourmet kitchen, and a private pool overlooking the ocean. The property features high-end finishes, a spacious deck for outdoor entertaining, and breathtaking sunset views.","Nestled in a charming seaside community, this neighborhood offers a relaxed coastal lifestyle with access to pristine beaches, waterfront dining, and marinas for boating enthusiasts."
Mountain Retreat,"$700,000",3,2.5,"2,200 sqft","Escape to this serene mountain retreat featuring 3 bedrooms, 2.5 bathrooms, a cozy fireplace, and a wrap-around deck with panoramic mountain views. The home is surrounded by nature trails, perfect for hiking and wildlife spotting.","Set in a peaceful mountain town, this neighborhood provides a tranquil setting with access to ski resorts, hiking trails, and quaint shops, offering a perfect blend of outdoor adventure and small-town charm."
Historic Brownstone,"$900,000",5,4.0,"3,000 sqft","Step back in time with this historic brownstone boasting 5 bedrooms, 4 bathrooms, original hardwood floors, and ornate crown moldings. The property includes a charming garden courtyard and is located in a historic district known for its architectural significance.","Located in a historic district, this neighborhood is rich in culture and heritage, with cobblestone streets, historic landmarks, and cultural institutions, providing a unique blend of old-world charm and modern amenities."
Lakefront Cottage,"$600,000",2,1.5,"1,500 sqft","Enjoy lakeside living in this charming cottage featuring 2 bedrooms, 1.5 bathrooms, a stone fireplace, and a private dock for boating and fishing. The property offers stunning lake views and a peaceful retreat from city life.","Situated on the shores of a tranquil lake, this neighborhood offers a close-knit community with water activities, lakeside dining, and scenic walking paths, perfect for those seeking a relaxing waterfront lifestyle."
Urban Townhouse,"$750,000",3,2.5,"2,000 sqft","Live in style in this contemporary townhouse with 3 bedrooms, 2.5 bathrooms, a sleek modern kitchen, and a rooftop terrace for outdoor entertaining. The property is located in a vibrant urban neighborhood with trendy cafes, boutiques, and art galleries.","Located in the heart of the city, this neighborhood is known for its cultural diversity, vibrant street art, and eclectic dining scene, offering a dynamic urban lifestyle with easy access to public transit and entertainment venues."
Ranch Retreat,"$850,000",4,3.0,"2,800 sqft","Escape to this peaceful ranch retreat featuring 4 bedrooms, 3 bathrooms, a spacious living room with a stone fireplace, and a sprawling backyard with a pool and horse stables. The property offers panoramic views of rolling hills and sunsets.","Set in a picturesque rural setting, this neighborhood offers a laid-back lifestyle with equestrian trails, vineyards, and farmers' markets, providing a tranquil escape from the hustle and bustle of city life."
Golf Course Estate,"$1,500,000",6,4.5,"4,500 sqft","Live in luxury in this stunning golf course estate boasting 6 bedrooms, 4.5 bathrooms, a gourmet kitchen, home theater, and a backyard oasis with a pool and outdoor kitchen. The property overlooks the fairways and greens of a prestigious golf course.","Located in an exclusive golf community, this neighborhood offers upscale amenities, country club facilities, and championship golf courses, catering to golf enthusiasts and luxury homebuyers seeking a refined lifestyle."
Ski Chalet,"$950,000",3,2.5,"2,500 sqft","Embrace winter living in this cozy ski chalet featuring 3 bedrooms, 2.5 bathrooms, a stone fireplace, and a hot tub on the deck. The property is just steps away from the ski slopes and offers stunning mountain views.","Nestled in a ski resort town, this neighborhood is a haven for winter sports enthusiasts with access to ski runs, snowboarding parks, and apr√®s-ski activities, providing a perfect retreat for those who love the snow."
Beachfront Condo,"$700,000",2,2.0,"1,200 sqft","Wake up to the sound of waves in this beachfront condo featuring 2 bedrooms, 2 bathrooms, a gourmet kitchen, and a private balcony with ocean views. The property offers resort-style amenities including a pool, gym, and direct beach access.","Located on the sandy shores of the beach, this neighborhood offers a relaxed coastal lifestyle with beachfront cafes, water sports, and sunset walks, making it a sought-after destination for beach lovers and sun seekers."
Family Home,"$650,000",4,2.5,"2,300 sqft","This spacious family home features 4 bedrooms, 2.5 bathrooms, a bonus room, and a backyard with a playset and garden. The property is located in a family-friendly neighborhood with top-rated schools, parks, and community events.","Situated in a family-friendly community, this neighborhood offers a safe and welcoming environment for families with children, with tree-lined streets, playgrounds, and community centers, fostering a sense of belonging and community spirit."
Luxury Penthouse,"$2,000,000",3,3.5,"3,000 sqft","Indulge in luxury living in this penthouse with 3 bedrooms, 3.5 bathrooms, a gourmet kitchen, home office, and a private rooftop terrace with city skyline views. The property features high-end finishes and concierge services.","Located in a prestigious urban enclave, this neighborhood is known for its upscale dining, designer boutiques, and exclusive amenities, offering a sophisticated lifestyle for discerning buyers seeking the epitome of luxury living."
Countryside Farmhouse,"$750,000",5,3.0,"2,500 sqft","Experience country living in this charming farmhouse with 5 bedrooms, 3 bathrooms, a wrap-around porch, and a barn on expansive acreage. The property is surrounded by rolling hills and farmland, perfect for those seeking a peaceful rural retreat.","Set in a pastoral countryside setting, this neighborhood offers a tranquil escape from city life with horseback riding, organic farms, and farmers' markets, providing a close connection to nature and a simpler way of life."
Historic Mansion,"$3,500,000",8,6.0,"8,000 sqft","Own a piece of history with this grand historic mansion featuring 8 bedrooms, 6 bathrooms, a ballroom, library, and landscaped gardens. The property showcases architectural details from a bygone era and is a landmark in the neighborhood.","Located in an exclusive historic district, this neighborhood is renowned for its stately homes, tree-lined boulevards, and cultural institutions, offering a prestigious address for those seeking elegance and sophistication."
Waterfront Retreat,"$1,250,000",4,3.5,"3,200 sqft","Escape to this waterfront retreat with 4 bedrooms, 3.5 bathrooms, a gourmet kitchen, and a private dock for boating and fishing. The property offers panoramic water views and a serene setting for relaxation and outdoor activities.","Nestled along the waterfront, this neighborhood offers a peaceful coastal lifestyle with marinas, yacht clubs, and waterfront dining, providing a perfect escape for boating enthusiasts and nature lovers."
Sustainable Eco-Home,"$850,000",3,2.5,"2,400 sqft","Live sustainably in this eco-friendly home featuring 3 bedrooms, 2.5 bathrooms, solar panels, and energy-efficient appliances. The property is designed with green building materials and smart home technology, reducing carbon footprint.","Located in a green community, this neighborhood is committed to sustainability with LEED-certified buildings, community gardens, and bike lanes, promoting eco-friendly living and environmental stewardship."
Mountain Cabin,"$500,000",2,1.0,"1,000 sqft","Cozy up in this charming mountain cabin with 2 bedrooms, 1 bathroom, a wood-burning stove, and a deck with forest views. The property is surrounded by hiking trails and wildlife, offering a peaceful retreat in nature.","Tucked away in the mountains, this neighborhood offers a secluded escape with fresh mountain air, wildlife sightings, and outdoor adventures, making it a haven for nature enthusiasts and outdoor lovers."
Urban Loft,"$600,000",2,2.0,"1,500 sqft","Live in style in this industrial-chic loft with 2 bedrooms, 2 bathrooms, exposed ductwork, and a rooftop terrace with city views. The property features a modern kitchen and is located in a trendy urban neighborhood with art galleries and hip cafes.","Situated in a hip urban enclave, this neighborhood is a hub for artists, creatives, and young professionals, with a vibrant arts scene, street murals, and trendy eateries, offering a dynamic urban lifestyle with a creative edge."
